{"OpenedDocuments":"[\"Main.xaml\"]","ProjectBreakpoints":"{\"Value\":{\"Download Merchant Report - MBB/Mbb Merchant/Search for Merchant Report.xaml\":[{\"ConditionalExpression\":null,\"ActionExpression\":null,\"ExpectedHitCounter\":null,\"ShouldContinueAfterAction\":false,\"IsEnabled\":true,\"ActivityIdRef\":\"TypeInto_31\",\"ActivityId\":\"1.758\",\"ActivityName\":\"Input Start Date\"},{\"ConditionalExpression\":null,\"ActionExpression\":null,\"ExpectedHitCounter\":null,\"ShouldContinueAfterAction\":false,\"IsEnabled\":true,\"ActivityIdRef\":\"UiElementExists_4\",\"ActivityId\":\"1.709\",\"ActivityName\":\"Element Exists 'SELECT  ReportType2'\"}],\"Mbb Merchant/Download using Another Method.xaml\":[{\"ConditionalExpression\":null,\"ActionExpression\":null,\"ExpectedHitCounter\":null,\"ShouldContinueAfterAction\":false,\"IsEnabled\":true,\"ActivityIdRef\":\"UiElementExists_3\",\"ActivityId\":\"1.460\",\"ActivityName\":\"Element Exists 'No record'\"},{\"ConditionalExpression\":null,\"ActionExpression\":null,\"ExpectedHitCounter\":null,\"ShouldContinueAfterAction\":false,\"IsEnabled\":true,\"ActivityIdRef\":\"Click_16\",\"ActivityId\":\"1.69\",\"ActivityName\":\"Click 'DIV'\"}]}}","LibraryProjectSettings":"{\"IncludeSourcesByDefault\":true,\"UseCSharpCompiler\":false,\"DefaultActivitiesRootCategories\":[null]}","ProjectWatches":"{\"Value\":[]}"}